tconst,directors,writers
tt0010323,nm0927468,"nm0562346,nm0417917"
tt0012349,nm0000122,nm0000122
tt0013442,nm0003638,"nm0301961,nm0831290"
tt0015324,nm0000036,"nm0369841,nm0593477,nm0115669"
tt0015864,nm0000122,nm0000122
tt0017136,nm0000485,"nm0902376,nm0000485"
tt0017925,"nm0115669,nm0000036","nm0000036,nm0115669,nm0090213,nm0807667,nm0685904,nm0809548"
tt0018455,nm0003638,"nm0562346,nm0837183,nm0385012,nm0129721"
tt0018773,nm0000122,nm0000122
tt0019254,nm0003433,"nm0217865,nm0003433"
tt0020629,nm0587277,"nm0718871,nm0027173,nm0007973,nm0028636,nm0837989,nm0031033,nm0587277"
tt0021749,nm0000122,"nm0000122,nm0139714,nm0188357"
tt0022100,nm0000485,"nm0902376,nm0000485,nm0414825"
tt0025316,nm0001008,"nm0728307,nm0011343"
tt0027977,nm0000122,nm0000122
tt0028950,nm0719756,"nm0816458,nm0719756"
tt0031381,"nm0281808,nm0002030,nm0939992","nm0593565,nm0397608,nm0308177,nm0372942,nm0842485,nm0886668"
tt0031679,nm0001008,"nm0118227,nm0287931,nm0175333"
tt0032138,"nm0896542,nm0281808","nm0486538,nm0753249,nm0941138,nm0000875,nm0006085,nm0106505,nm0134284,nm0276252,nm0355095,nm0361971,nm0388755,nm0481618,nm0536941,nm0542534,nm0591774,nm0621790,nm0685265,nm0780833,nm0799015"
tt0032551,nm0000406,"nm0425913,nm0825705"
tt0032553,nm0000122,nm0000122
tt0032976,nm0000033,"nm0238898,nm0792845,nm0365661,nm0531878,nm0389580"
tt0033045,nm0523932,"nm0710723,nm0529450,nm0372942"
tt0033467,nm0000080,"nm0542534,nm0000080,nm0002144,nm0219670,nm0448809"
tt0033870,nm0001379,"nm0001379,nm0358591"
tt0034583,nm0002031,"nm0258493,nm0258525,nm0462321,nm0122417,nm0019706,nm0732452"
tt0035446,nm0523932,"nm0501872,nm0562372,nm0523932"
tt0036775,nm0000697,"nm0000697,nm0151452,nm0128906"
tt0036868,nm0943758,"nm0792845,nm0437969"
tt0037558,nm0000180,"nm0002021,nm0369743,nm0000180,nm0623768"
tt0038650,nm0001008,"nm0329304,nm0352443,nm0001008,nm0842485,nm0827821,nm0933858"
tt0038890,nm0744023,"nm0024847,nm0000019,nm0744023,nm0175924"
tt0039689,nm0869664,"nm0537784,nm0128906,nm0272045"
tt0040522,nm0001120,"nm0953790,nm0059030,nm0080755,nm0147599,nm0001120,nm0290000,nm0315657,nm0346291"
tt0040725,"nm0003836,nm0696247","nm0026153,nm0696247,nm0935773,nm0003836"
tt0040897,nm0001379,"nm0001379,nm0871252"
tt0041546,nm0357607,"nm0395170,nm0357607,nm0226538,nm0593867"
tt0041959,nm0715346,"nm0001294,nm0000080,nm0466099,nm0715346"
tt0042041,nm0909825,"nm0324578,nm0730850,nm0446132"
tt0042192,nm0000581,"nm0000581,nm0650581"
tt0042876,nm0000041,"nm0015611,nm0000041,nm0368074"
tt0043014,nm0000697,"nm0102818,nm0000697,nm0551261"
tt0043338,nm0000697,"nm0000697,nm0760488,nm0628305,nm0221528"
tt0044706,nm0003593,"nm0286025,nm0192356"
tt0044741,nm0000041,"nm0000041,nm0368074,nm0644823"
tt0045152,"nm0002045,nm0000037","nm0173679,nm0337582"
tt0045274,nm0001120,nm0953790
tt0046250,nm0943758,"nm0874308,nm0402848,nm0226538"
tt0046268,nm0167241,"nm1064118,nm0167241,nm0350823"
tt0046359,nm0000697,"nm0000697,nm0089637,nm0079654,nm0874522"
tt0046438,nm0654868,"nm0633792,nm0654868"
tt0046911,nm0167241,"nm0092267,nm0092268,nm0167241,nm0350823,nm0557510,nm0340190"
tt0046912,nm0000033,nm0461425
tt0047296,nm0001415,"nm0775977,nm0425711,nm0802563"
tt0047396,nm0000033,"nm0371088,nm0941280"
tt0047478,nm0000041,"nm0000041,nm0368074,nm0644823"
tt0047528,nm0000019,"nm0000019,nm0684083,nm0280919"
tt0048021,nm0202088,"nm0494138,nm0202088,nm0923941"
tt0048424,nm0001452,"nm0344181,nm0012938,nm0001452"
tt0048473,nm0006249,"nm0051808,nm0006249"
tt0050083,nm0001486,nm0741627
tt0050212,nm0000180,"nm0099541,nm0286025,nm0933858"
tt0050613,nm0000041,"nm0644823,nm0368074,nm0452878,nm0000041,nm0000636"
tt0050783,nm0000019,"nm0000019,nm0280919,nm0684083,nm0001596,nm0740021"
tt0050825,nm0000040,"nm0000040,nm0932229,nm0860292,nm0167767"
tt0050976,nm0000005,nm0000005
tt0050986,nm0000005,nm0000005
tt0051036,nm0533241,"nm0644048,nm0499626,nm0533241"
tt0051201,nm0000697,"nm0002005,nm0000697,nm0475823,nm0546140"
tt0051808,nm0000041,"nm0452878,nm0644823,nm0368074,nm0000041"
tt0052311,nm0000080,"nm0000080,nm0557767,nm0168759,nm0597574"
tt0052357,nm0000033,"nm0178785,nm0853138,nm0092267,nm0092268,nm0027173"
tt0052561,nm0695937,"nm0562606,nm0871261"
tt0052618,nm0943758,"nm0908753,nm0876562,nm0000683,nm0027173,nm0067103,nm0296737"
tt0053125,nm0000033,nm0499626
tt0053198,nm0000076,"nm0000076,nm0610115"
tt0053221,nm0001328,"nm0299154,nm0102824,nm0564800"
tt0053291,nm0000697,"nm0000697,nm0224634,nm0858329,nm0517615"
tt0053604,nm0000697,"nm0000697,nm0224634"
tt0053779,nm0000019,"nm0000019,nm0280919,nm0684083,nm0740021,nm0001596"
tt0053946,nm0006452,"nm0949917,nm0808414,nm0492823,nm0498126"
tt0053976,nm0000005,nm0410694
tt0054215,nm0000033,"nm0825010,nm0088645"
tt0054997,nm0744035,"nm0140987,nm0744035,nm0856677"
tt0055031,nm0006452,"nm0542631,nm0001050"
tt0055601,nm0000320,"nm0017855,nm0000320,nm0701918"
tt0055630,nm0000041,"nm0000041,nm0452878"
tt0056058,nm0462030,"nm0847668,nm0368074"
tt0056111,"nm0001789,nm0007672","nm1530016,nm0660353,nm0001789,nm0464846"
tt0056172,nm0000180,"nm0004122,nm0933858"
tt0056217,nm0000406,"nm0068650,nm0325135,nm0424986"
tt0056443,nm0000041,"nm0452878,nm0644823,nm0000041,nm0945491"
tt0056592,nm0612322,"nm0497369,nm0285210"
tt0056687,nm0000736,"nm0268230,nm0375355"
tt0056732,nm0000320,"nm0000320,nm0017274"
tt0056801,nm0000019,"nm0000019,nm0280919,nm0684083,nm0740021"
tt0057012,nm0000040,"nm0000040,nm0816143,nm0313570"
tt0057115,nm0836328,"nm0108595,nm0165412,nm0122446"
tt0057358,nm0000005,nm0000005
tt0057565,nm0000041,"nm0644823,nm0452878,nm0386750,nm0000041,nm0402805"
tt0058946,nm0690597,"nm0758357,nm0690597"
tt0059578,nm0001466,"nm0001466,nm0607694,nm0898812,nm0006872,nm0217258,nm0223964"
tt0059742,nm0936404,"nm0403346,nm0512231,nm0189496,nm0499626,nm0903125"
tt0060107,nm0001789,"nm0464846,nm0001789"
tt0060196,nm0001466,"nm0898812,nm0001466,nm0408488,nm0769249"
tt0060827,nm0000005,nm0000005
tt0061184,nm0001566,"nm0499626,nm0016361"
tt0061512,nm0742341,"nm0668914,nm0682757,nm0237543"
tt0061722,nm0001566,"nm0932229,nm0377750,nm0916047"
tt0062229,nm0578483,"nm0572819,nm0578483,nm0670958"
tt0062622,nm0000040,"nm0000040,nm0002009"
tt0063442,nm0769874,"nm0933858,nm0785245,nm0099541,nm0445934"
tt0063522,nm0000591,"nm0505615,nm0000591"
tt0064115,nm0001351,nm0001279
tt0064116,nm0001466,"nm0006872,nm0001466,nm0000783,nm0000934"
tt0065234,nm0002020,"nm0890825,nm0783934,nm0002020,nm0059553"
tt0066763,nm0611531,"nm0611531,nm0347899,nm0611520,nm0244887"
tt0066921,nm0000040,"nm0000040,nm0121256"
tt0067093,nm0422484,"nm0017833,nm0674135,nm0825524"
tt0067328,nm0000953,"nm0573505,nm0000953"
tt0068646,nm0000338,"nm0701374,nm0000338"
tt0069281,nm0000581,nm0787289
tt0069293,nm0001789,"nm0501015,nm0330830,nm0001789"
tt0069467,nm0000005,nm0000005
tt0070047,nm0001243,nm0087861
tt0070510,nm0000953,"nm0113872,nm0765091"
tt0070511,nm0769874,"nm0874308,nm0783913,nm0153508,nm0001279"
tt0070735,nm0001351,nm0911486
tt0071315,nm0000591,"nm0001801,nm0000591"
tt0071411,nm0000041,"nm0000041,nm0619330,nm0037539"
tt0071562,nm0000338,"nm0000338,nm0701374"
tt0071853,"nm0001402,nm0000416","nm0001037,nm0000092,nm0001385,nm0000416,nm0001402,nm0001589,nm0540627"
tt0072417,nm0001023,nm0001023
tt0072431,nm0000316,"nm0000698,nm0000316,nm0791217"
tt0072443,nm0001789,"nm0592735,nm0850493,nm0001789"
tt0072684,nm0000040,"nm0000040,nm0856842"
tt0072890,nm0001486,"nm0682757,nm0460190,nm0601944,nm0909063"
tt0073195,nm0000229,"nm0001940,nm0331956"
tt0073486,nm0001232,"nm0369142,nm0325743,nm0450181,nm0913670"
tt0073707,nm0802693,"nm0015287,nm0451311"
tt0074896,nm0002160,"nm0185867,nm0252821,nm0252863,nm0252872,nm0536868"
tt0074958,nm0001486,nm0154665
tt0075148,nm0000814,nm0000230
tt0075314,nm0000217,nm0001707
tt0075686,nm0000095,"nm0000095,nm0108613"
tt0076759,nm0000184,nm0000184
tt0077416,nm0001047,"nm0001047,nm0913346,nm0307311,nm0714793"
tt0077711,nm0000005,nm0000005
tt0078748,nm0000631,"nm0639321,nm0795953"
tt0078788,nm0000338,"nm0587518,nm0000338,nm0380282,nm0175676"
tt0079470,nm0001402,"nm0001037,nm0000092,nm0000416,nm0001385,nm0001402,nm0001589"
tt0079944,nm0001789,"nm0835297,nm0835298,nm0001789,nm0850493"
tt0080455,nm0000484,"nm0000101,nm0000484"
tt0080678,nm0000186,"nm0212246,nm0075015,nm0000186,nm0872375,nm0598744"
tt0080684,nm0449984,"nm0102824,nm0001410,nm0000184"
tt0081398,nm0000217,"nm0483766,nm0141734,nm0678014,nm0001707,nm0552731"
tt0081505,nm0000040,"nm0000175,nm0000040,nm0424956"
tt0082096,nm0000583,"nm0000583,nm0118164"
tt0082971,nm0000229,"nm0001410,nm0000184,nm0442241"
tt0083658,nm0000631,"nm0266684,nm0672459,nm0001140"
tt0083866,nm0000229,nm0558953
tt0083922,nm0000005,nm0000005
tt0083946,nm0001348,nm0001348
tt0083987,nm0000277,nm0109300
tt0084503,nm0000570,nm0914166
tt0084787,nm0000118,"nm0484111,nm0132168"
tt0086190,nm0549658,"nm0001410,nm0000184"
tt0086250,nm0000361,"nm0000231,nm0001328,nm0372942,nm0870660"
tt0086879,nm0001232,"nm0787323,nm0537004"
tt0087544,nm0594503,"nm0594503,nm1248357,nm1248358,nm0411872"
tt0087843,nm0001466,"nm0340580,nm0073053,nm0207401,nm0575804,nm0033490,nm0274853,nm0001466,nm0436757,nm0002759"
tt0087884,nm0000694,"nm0141281,nm0001731,nm0232924"
tt0088247,nm0000116,"nm0000116,nm0005036,nm0936537"
tt0088763,nm0000709,"nm0000709,nm0301826"
tt0089881,nm0000041,"nm0000041,nm0644823,nm0406836,nm0000636"
tt0090605,nm0000116,"nm0000116,nm0318429,nm0001353,nm0639321,nm0795953"
tt0091251,nm0459552,"nm0010696,nm0459552"
tt0091288,nm0001945,"nm0656528,nm0001945,nm0102722"
tt0091763,nm0000231,nm0000231
tt0092005,nm0001661,"nm0000175,nm0317279,nm0262595"
tt0092067,nm0594503,"nm0594503,nm0842605"
tt0092593,nm0001501,nm0001501
tt0093058,nm0000040,"nm0000040,nm0380282,nm0368007"
tt0093779,nm0001661,nm0001279
tt0094625,nm0960028,"nm0960028,nm0368051"
tt0095016,nm0001532,"nm0861636,nm0835732,nm0211823"
tt0095327,nm0847223,"nm0636435,nm0847223"
tt0095765,nm0868153,"nm0868153,nm0660031"
tt0095953,nm0001469,"nm0607454,nm0060103"
tt0096283,nm0594503,nm0594503
tt0097165,nm0001837,nm0776114
tt0097216,nm0000490,nm0000490
tt0097223,nm0001437,"nm0001437,nm0586235"
tt0097576,nm0000229,"nm0000184,nm0583675,nm0442241,nm0090151"
tt0099348,nm0000126,nm0086658
tt0099487,nm0000318,"nm0000318,nm0003031"
tt0099685,nm0000217,"nm0683380,nm0000217"
tt0101414,"nm0873779,nm0936374","nm0941314,nm0152312,nm0761498,nm0560329,nm0363125,nm0683724,nm0940849,nm0710020,nm0254085,nm0038432,nm0501729,nm0207305,nm0998551,nm3343855"
tt0101640,nm0955443,"nm0867263,nm0955600"
tt0102138,nm0000231,"nm0308426,nm0550285,nm0000231,nm0804466"
tt0102926,nm0001129,"nm0365383,nm0848217"
tt0103064,nm0000116,"nm0000116,nm0936537"
tt0103639,"nm0166256,nm0615780","nm0166256,nm0615780,nm0254645,nm0744429,nm0560329,nm0021249,nm0423161,nm0363125,nm0629734,nm0322368,nm0740311,nm0500858,nm0969162,nm0361315,nm0510674,nm0715949,nm1061362,nm0761498,nm0683724,nm0893358"
tt0105236,nm0000233,"nm0000233,nm0000812"
tt0105323,nm0000976,"nm0037097,nm0325743,nm0531431,nm0728271"
tt0105695,nm0000142,nm0672459
tt0106332,nm0155280,"nm0497762,nm0523760"
tt0107048,nm0000601,"nm0748035,nm0000601"
tt0107207,nm0006487,"nm0174840,nm0313623,nm0006487"
tt0107290,nm0000229,"nm0000341,nm0462895"
tt0107688,nm0783139,"nm0000318,nm0568313,nm0003031"
tt0108052,nm0000229,"nm0447745,nm0001873"
tt0108399,nm0001716,"nm0000233,nm0000812"
tt0109117,nm0764316,"nm0764316,nm0795651"
tt0109424,nm0939182,nm0939182
tt0109830,nm0000709,"nm0343165,nm0744839"
tt0110357,"nm0021249,nm0591450","nm0575293,nm0731271,nm0941314,nm0560329,nm0424556,nm0177170,nm0258059,nm0309128,nm0873779,nm0135296,nm0363125,nm0460146,nm0761498,nm0004552,nm0500858,nm0710020,nm0538588,nm0326814,nm0322368,nm0442483,nm0020599,nm0780117,nm0854185,nm0873092,nm0879318,nm0901038,nm0936374,nm0925276,nm0152312"
tt0110413,nm0000108,nm0000108
tt0110912,nm0000233,"nm0000233,nm0000812"
tt0111161,nm0001104,"nm0000175,nm0001104"
tt0111495,nm0001425,"nm0001425,nm0682830,nm0002140,nm0954072,nm0460058,nm0489995"
tt0112471,nm0000500,"nm0000500,nm0471811"
tt0112573,nm0000154,nm0908824
tt0112641,nm0000217,"nm0683380,nm0000217"
tt0112870,nm0159147,"nm0159147,nm0796503"
tt0113247,nm0440913,nm0440913
tt0113277,nm0000520,nm0000520
tt0114369,nm0000399,nm0001825
tt0114709,nm0005124,"nm0005124,nm0230032,nm0004056,nm0710020,nm0923736,nm0169505,nm0812513"
tt0114746,nm0000416,"nm0003408,nm0672459,nm0672466"
tt0114787,nm0001437,"nm0468169,nm0001437"
tt0114814,nm0001741,nm0003160
tt0116231,nm0877078,nm0877078
tt0116282,"nm0001054,nm0001053","nm0001053,nm0001054"
tt0117589,nm0005139,nm0005139
tt0117666,nm0000671,nm0000671
tt0117951,nm0000965,"nm0920543,nm0388076"
tt0118694,nm0939182,nm0939182
tt0118715,"nm0001054,nm0001053","nm0001053,nm0001054"
tt0118749,nm0000759,nm0000759
tt0118799,nm0000905,"nm0148437,nm0000905"
tt0118843,nm0001437,nm0586235
tt0118849,nm0006498,nm0006498
tt0119217,nm0001814,"nm0000354,nm0000255"
tt0119488,nm0000436,"nm0255278,nm0001338,nm0000436"
tt0119698,nm0594503,"nm0594503,nm0301274"
tt0120338,nm0000116,nm0000116
tt0120382,nm0001837,nm0629272
tt0120586,nm0443411,nm0571346
tt0120689,nm0001104,"nm0000175,nm0001104"
tt0120731,nm0868153,"nm0054621,nm0868153"
tt0120735,nm0005363,nm0005363
tt0120737,nm0001392,"nm0866058,nm0909638,nm0101991,nm0001392"
tt0120815,nm0000229,nm0734441
tt0126029,"nm0011470,nm0421776","nm0825308,nm0254645,nm0744429,nm0830294,nm0776107,nm0970606,nm1844237,nm0970447"
tt0129167,nm0083348,"nm0564827,nm0083348,nm0400954,nm0286715"
tt0133093,"nm0905154,nm0905152","nm0905152,nm0905154"
tt0137523,nm0000399,"nm0657333,nm0880243"
tt0140888,nm0758574,"nm0077094,nm0138676,nm0758574"
tt0154420,nm0899121,"nm0899121,nm0750000"
tt0156887,nm0464804,"nm0613444,nm0847621,nm1038897,nm0765126"
tt0166896,nm0000186,"nm0730034,nm0842156"
tt0166924,nm0000186,nm0000186
tt0167260,nm0001392,"nm0866058,nm0909638,nm0101991,nm0001392"
tt0167261,nm0001392,"nm0866058,nm0909638,nm0101991,nm0801728,nm0001392"
tt0167404,nm0796117,nm0796117
tt0169102,nm0332950,"nm0332950,nm1021349,nm1021353,nm1022153"
tt0169547,nm0005222,nm0050332
tt0169858,"nm0030417,nm0875453",nm0030417
tt0172495,nm0000631,"nm0291905,nm0517589,nm0629933"
tt0175880,nm0000759,nm0000759
tt0180093,nm0004716,"nm0782968,nm0004716"
tt0181875,nm0001081,nm0001081
tt0198781,"nm0230032,nm0798899,nm0881279","nm0230032,nm0191717,nm0682066,nm0250995,nm0004056,nm0314870"
tt0200087,nm0559877,"nm1195250,nm0559877,nm1597736"
tt0206634,nm0190859,"nm0190859,nm0786694,nm0033153,nm1318843,nm1319757,nm0416807"
tt0208092,nm0005363,nm0005363
tt0209144,nm0634240,"nm0634240,nm0634300"
tt0211915,nm0000466,"nm0491011,nm0000466"
tt0242519,nm0698184,"nm0796504,nm0482309,nm0903423,nm1019121"
tt0244316,nm0945981,nm0945981
tt0245429,nm0594503,nm0594503
tt0245712,nm0327944,nm0037247
tt0246578,nm0446819,nm0446819
tt0253474,nm0000591,"nm0367838,nm0844262"
tt0263438,nm0889943,"nm0354649,nm0889943,nm0948000"
tt0264464,nm0000229,"nm0622288,nm0007646,nm1127221"
tt0266543,"nm0004056,nm0881279","nm0004056,nm0677037,nm0721675"
tt0266697,nm0000233,"nm0000233,nm0000235"
tt0268978,nm0000165,"nm0326040,nm0621586"
tt0270053,"nm0258784,nm0814716",nm0258784
tt0276919,nm0001885,nm0001885
tt0292490,nm1027719,"nm1539594,nm1027719,nm10689808,nm1260845"
tt0293715,nm1030706,"nm1030519,nm1030706"
tt0304141,nm0190859,"nm0746830,nm0460141"
tt0317248,"nm0576987,nm0526199","nm0513130,nm1130251"
tt0317705,nm0083348,nm0083348
tt0319061,nm0000318,"nm1180620,nm0041864"
tt0325980,nm0893659,"nm0254645,nm0744429,nm0064181,nm0938684"
tt0338013,nm0327273,"nm0442109,nm0327273,nm1410028"
tt0338564,"nm0490487,nm0538320","nm0538320,nm0159039"
tt0347149,nm0594503,"nm0594503,nm1168510"
tt0352248,nm0000165,"nm0391132,nm0326040"
tt0353969,nm0094435,"nm0094435,nm1323286,nm1646563"
tt0359950,nm0001774,"nm0175726,nm0862122"
tt0361748,nm0000233,nm0000233
tt0363163,nm0386570,"nm0251536,nm0275264,nm0432622,nm0612199"
tt0364569,nm0661791,"nm1628380,nm2057405,nm0661791,nm1367409,nm1369364"
tt0365748,nm0942367,"nm0670408,nm0942367"
tt0367110,nm0332950,"nm1351784,nm0332950,nm1343477,nm1342923,nm1004422,nm3392919,nm3633352,nm2209781,nm1022153"
tt0369610,nm1119880,"nm0415425,nm0798646,nm1119880,nm2081046,nm0000341"
tt0369702,nm0024622,"nm0024622,nm0317834"
tt0371746,nm0269463,"nm1318843,nm1319757,nm1436466,nm0391344,nm0498278,nm1411347,nm1293367,nm0456158"
tt0372784,nm0634240,"nm0004170,nm0275286,nm0634240"
tt0374546,nm1104118,nm1104118
tt0374887,nm0386246,"nm0006765,nm0386246,nm1557876,nm1063072"
tt0375611,nm0080220,"nm0080220,nm1818188,nm1165501"
tt0378194,nm0000233,"nm0000233,nm0000235"
tt0381061,nm0132709,"nm0701031,nm0905498,nm0353673,nm0001220"
tt0381681,nm0000500,"nm0000500,nm0000365,nm0000160,nm0471811"
tt0382932,"nm0083348,nm0684342","nm0083348,nm0684342,nm0135296,nm1486235,nm1271884,nm0677037"
tt0384116,nm0814716,nm0948000
tt0386064,nm0437625,"nm0437625,nm3719468,nm3719540"
tt0395169,nm0313623,"nm0669311,nm0313623"
tt0398286,"nm0397174,nm1977355","nm1557594,nm0342278,nm0342303"
tt0401383,nm0773603,"nm0367838,nm1568285"
tt0401729,nm0004056,"nm0004056,nm0028764,nm0149290,nm0123194"
tt0401792,"nm0588340,nm0001675,nm0000233","nm0588340,nm0001675"
tt0405094,nm0003697,nm0003697
tt0405159,nm0000142,"nm0353673,nm0101801"
tt0405508,nm1018493,"nm1028832,nm1149334,nm1018493,nm0659238"
tt0407887,nm0000217,"nm1184258,nm0538320,nm0159039"
tt0408664,nm0466153,nm0466153
tt0409847,nm0269463,"nm0649460,nm0476064,nm0511541,nm1318843,nm1319757,nm0644203,nm0003321"
tt0429493,nm0138620,"nm0138620,nm0089141,nm0940790,nm0526967,nm0004798"
tt0432283,nm0027572,"nm0001094,nm0027572,nm0000876"
tt0433035,nm0506613,"nm0309691,nm0319659,nm0505230,nm0558577"
tt0434409,nm0574625,"nm0905152,nm0905154,nm2331222"
tt0435761,nm0881279,"nm0005124,nm0004056,nm0881279,nm1578335"
tt0437086,nm0001675,"nm0000116,nm0436164,nm1738737"
tt0440963,nm0339030,"nm0006904,nm1994243,nm1079776,nm0524924"
tt0443272,nm0000229,"nm1065785,nm0329447"
tt0446029,nm0942367,"nm0045209,nm0942367,nm1854069"
tt0448115,nm2497546,"nm2849655,nm0501359,nm1791910,nm1304148"
tt0450259,nm0001880,"nm0495378,nm2057149"
tt0451279,nm0420941,"nm0374302,nm0811583,nm0297229,nm0551376,nm4243936"
tt0454876,nm0000487,"nm1674631,nm1341735"
tt0454921,nm0610831,nm0175726
tt0455944,nm0298807,"nm0921013,nm0805994,nm2030456"
tt0456144,nm0386246,"nm0006765,nm0386246,nm0430785"
tt0457430,nm0868219,nm0868219
tt0458339,nm0002653,"nm1321655,nm1321656,nm0800209,nm0456158"
tt0468569,nm0634240,"nm0634300,nm0634240,nm0275286,nm0004170"
tt0469494,nm0000759,"nm0000759,nm0801737"
tt0470752,nm0307497,nm0307497
tt0473075,nm0001565,"nm0945026,nm1215164,nm0076166,nm0575338"
tt0476735,nm1463981,nm1463981
tt0477080,nm0001716,nm0093560
tt0477348,"nm0001053,nm0001054","nm0001054,nm0001053,nm0565092"
tt0478970,nm0715636,"nm0942367,nm0180428,nm0570912,nm0748620,nm0498278,nm1293367,nm0456158"
tt0481499,"nm0210320,nm0761498","nm0210320,nm0761498,nm0000092"
tt0482571,nm0634240,"nm0634300,nm0634240,nm1793993"
tt0499549,nm0000116,nm0000116
tt0758752,nm0001880,"nm1017488,nm0001880,nm0380980,nm2168221"
tt0758758,nm0000576,"nm0000576,nm1040556"
tt0770828,nm0811583,"nm0275286,nm0634240,nm0796950,nm0795975"
tt0780504,nm0716347,"nm0024925,nm2201245"
tt0780536,nm1732981,nm1732981
tt0790636,nm0885249,"nm1258965,nm2214893"
tt0790724,nm0003160,"nm1676193,nm0003160"
tt0796366,nm0009190,"nm0649460,nm0476064,nm0734472"
tt0800320,nm0504642,"nm2012438,nm0006534,nm0542062,nm0189117"
tt0800369,nm0000110,"nm1005420,nm0826714,nm0668309,nm0833089,nm0698873,nm0498278,nm1293367,nm0456158"
tt0803096,nm1512910,"nm0495378,nm1512910"
tt0808417,"nm1749112,nm2277869","nm2277869,nm1749112"
tt0816692,nm0634240,"nm0634300,nm0634240"
tt0816711,nm0286975,"nm1996352,nm1206844,nm0511541,nm0833089,nm0112150"
tt0829150,nm2411495,"nm1948885,nm2332952,nm0831290"
tt0831387,nm2284484,"nm0393094,nm0613609,nm0443227,nm1709264,nm1440919"
tt0837562,nm0850733,"nm0063165,nm0806912,nm0244110,nm1087952,nm1156984"
tt0840361,nm0000255,"nm0185976,nm0000255,nm0830760,nm2353561"
tt0848228,nm0923736,"nm0923736,nm0672015"
tt0861739,nm0655683,"nm0655683,nm1284081,nm1130251,nm1284450,nm2845583"
tt0870154,nm1429471,"nm0338169,nm0275629,nm0720135,nm0636358,nm0326247"
tt0871510,nm0024912,nm1156290
tt0892769,"nm0213450,nm0761498","nm0204030,nm0213450,nm0761498,nm2441763,nm0405190,nm1104057"
tt0892791,nm0593610,"nm0458441,nm0501359,nm0825308,nm0011470,nm0254645,nm0744429,nm0776107,nm0794252,nm0830294,nm2593444"
tt0903624,nm0001392,"nm0909638,nm0101991,nm0001392,nm0868219,nm0866058"
tt0910970,nm0004056,"nm0004056,nm0230032,nm0714114"
tt0926084,nm0946734,"nm0460141,nm0746830"
tt0944835,nm0637518,nm0934483
tt0945513,nm1512910,nm1618286
tt0947798,nm0004716,"nm2114730,nm0374560,nm0572352"
tt0948470,nm1989536,"nm0888743,nm0765091,nm0460141,nm0498278,nm0228492"
tt0955308,nm0000631,"nm0001338,nm0717550,nm0903456"
tt0964517,nm0751102,"nm0798788,nm0848496,nm2053216,nm2565612"
tt0970179,nm0000217,"nm0517589,nm2561765"
tt0974015,nm0811583,"nm0796950,nm0795975,nm0006516,nm0811583,nm0923736,nm1189346,nm0004170,nm0277730,nm0551376,nm0456158"
tt0978762,nm0254178,nm0254178
tt0978764,nm0811583,"nm0811583,nm0793122"
tt0983193,nm0000229,"nm0378960,nm0595590,nm0942367,nm0180428"
tt0985694,"nm0542450,nm0001675","nm0001675,nm0736155"
tt0986264,"nm0451148,nm1244760",nm1244760
tt0993842,nm0942504,"nm2605946,nm1016333"
tt0993846,nm0000217,"nm1010540,nm0067789"
tt1001526,nm0569891,"nm0774786,nm2523794"
tt1010048,"nm0000965,nm0849164","nm0064479,nm3139511"
tt1013743,nm0003506,nm0642277
tt1014759,nm0000318,"nm0941314,nm0140902"
tt1016150,nm0074163,"nm0074163,nm0665510,nm1748106,nm0718871"
tt10189514,nm1464314,"nm1464314,nm5289834,nm7373491,nm8641855,nm6314922,nm13222819,nm8985377"
tt1024648,nm0000255,"nm0006516,nm5410196,nm2646452"
tt10272386,nm1725469,"nm0358960,nm1725469"
tt10280296,nm1999473,"nm2009626,nm1937760"
tt1028532,nm0002120,"nm2124742,nm0793881"
tt10295212,nm3315387,nm2196143
tt10324144,nm1025280,"nm1025280,nm3985391"
tt1033575,nm0668247,"nm0668247,nm0269542,nm0711110,nm2655611"
tt10366206,nm0821432,"nm8748334,nm3360218,nm4401003"
tt10366460,nm1571761,"nm1571761,nm2605079,nm0141133,nm0489309,nm0081179"
tt1037705,"nm0400436,nm0400441",nm1729428
tt10431500,nm3133017,nm3374012
tt1045658,nm0751102,"nm0751102,nm2683048"
tt1049413,"nm0230032,nm0677037","nm0230032,nm0677037,nm0565336"
tt1051906,nm1191481,"nm1191481,nm0920229"
tt10648342,nm0169806,"nm0169806,nm3066492,nm0498278,nm1293367,nm0456158,nm4160687,nm1921680,nm1411347,nm2757098,nm0317493,nm3053444"
tt1065073,nm0000500,nm0000500
tt1069238,nm0847690,nm2725830
tt10698680,nm6073824,"nm14430933,nm14889366,nm6073824"
tt1074638,nm0005222,"nm0701031,nm0905498,nm0517589,nm0001220"
tt1077368,nm0000318,"nm0334381,nm0041864,nm0193303"
tt10811166,nm1892252,"nm1892252,nm7374541"
tt10838180,nm0905154,"nm0905154,nm3290967,nm3097752,nm0905152"
tt10872600,nm1218281,"nm0571344,nm1273099,nm0498278,nm0228492"
tt1091191,nm0000916,"nm0000916,nm2877226,nm0732961"
tt1092026,nm0609549,"nm0670408,nm0296545"
tt10954600,nm0715636,"nm3278218,nm0498278,nm1293367,nm0456158,nm7281223"
tt10954984,nm1443502,nm1443502
tt11032374,nm1417038,"nm10281577,nm11019861"
tt1104001,nm2676052,"nm0457736,nm0395271,nm0460206,nm1600872,nm0513974,nm0531381"
tt11083552,nm0005363,"nm0099398,nm0078704,nm0005363,nm6842463,nm3044095"
tt11138512,nm3211470,"nm0797604,nm3211470"
tt1120985,nm0161834,"nm0161834,nm0193387,nm2337556"
tt1124035,nm0000123,"nm0000123,nm0381416,nm2802722"
tt11286314,nm0570912,"nm0570912,nm1998503"
tt1130884,nm0000217,"nm0436164,nm1212331"
tt1133985,nm0132709,"nm0075528,nm0338169,nm0973233,nm0325533"
tt1155076,nm0958969,"nm0614050,nm0436543"
tt11564570,nm0426059,nm0426059
tt1160419,nm0898288,"nm3123612,nm0898288,nm0744839,nm0378541"
tt1170358,nm0001392,"nm0909638,nm0101991,nm0001392,nm0868219,nm0866058"
tt1171701,nm2896395,"nm2895699,nm2887012,nm2896395"
tt1179933,nm0870469,"nm1061091,nm1173295,nm3227090"
tt11813216,nm1732981,nm1732981
tt11866324,nm0870469,"nm1725034,nm0870469,nm0859029,nm0859049"
tt1187043,nm0386246,"nm0430785,nm0386246,nm0006765,nm2746459"
tt1189340,nm1026778,"nm0738908,nm0175093"
tt1192628,nm0893659,"nm0517589,nm0893659,nm0126096"
tt1194173,nm0006904,"nm0006904,nm0319659,nm0524924"
tt1201607,nm0946734,"nm0460141,nm0746830"
tt1205489,nm0000142,"nm1010405,nm3164738"
tt1210166,nm0587955,"nm0001873,nm0815070,nm3133181,nm1034122"
tt1210819,nm0893659,"nm1244808,nm0254645,nm0744429"
tt1211837,nm0220600,"nm3123612,nm0220600,nm1803036,nm0498278,nm0228492"
tt1211956,nm0405632,"nm1974016,nm0445669"
tt1212450,nm0384825,"nm0147022,nm2967574"
tt1213641,nm3227090,"nm1802857,nm2973253"
tt1213663,nm0942367,"nm0670408,nm0942367"
tt1216475,"nm0005124,nm0506977","nm0005124,nm0506977,nm1557594,nm0703078"
tt1217209,"nm0028764,nm0152312,nm0700760","nm0152312,nm0028764,nm0700760,nm0575293"
tt1219289,nm1139726,"nm0228908,nm2982186"
tt1219827,nm2782185,"nm0794385,nm1150145,nm0923980,nm0472567"
tt1220719,nm0948159,"nm2774833,nm5335213"
tt1228705,nm0269463,"nm0857620,nm0498278,nm1411347,nm1293367,nm0456158"
tt1229238,nm0083348,"nm0312367,nm0032227,nm0625858"
tt1231583,nm0680846,"nm0169180,nm0293139,nm1186373,nm0680846"
tt1232829,"nm0520488,nm0588087","nm0045209,nm1706767,nm0367895,nm0004798"
tt1234721,nm0655683,"nm2440587,nm0627159,nm0591160"
tt12361178,nm2572228,nm2572228
tt12361974,nm0811583,"nm0796950,nm0795975,nm0811583,nm0006516,nm3263825,nm1189346,nm0004170,nm0277730,nm0551376,nm0456158"
tt1243957,nm0003697,"nm0003697,nm0003160,nm0271501,nm1362432"
tt1245492,"nm1698571,nm0736622","nm0736622,nm1698571,nm1083540"
tt1245526,nm0777881,"nm0388377,nm0388375,nm1979137,nm1216642"
tt1250777,nm0891216,"nm0963359,nm0891216,nm2092839,nm1348210"
tt1253863,nm1729171,"nm0811583,nm0426500,nm0588340"
tt1255953,nm0898288,"nm0898288,nm1416431,nm4034068"
tt12593682,nm0500610,"nm5599654,nm2157655"
tt1259521,nm1206844,"nm0923736,nm1206844"
tt1270797,nm0281508,"nm0684374,nm0003298,nm0545150,nm0568825,nm2163440"
tt1270798,nm0891216,"nm1005420,nm0826714,nm0963359,nm0891216,nm1417242,nm0001741,nm0456158,nm0498278"
tt1272878,nm0466349,"nm1398578,nm1556427"
tt1276104,nm0426059,nm0426059
tt1280558,nm3109770,nm3109770
tt1282140,nm0323239,nm1421629
tt1284575,nm0440458,"nm1969144,nm1072409"
tt1285016,nm0000399,"nm0815070,nm0583826"
tt1289401,nm0082450,"nm1767754,nm0082450,nm0718645,nm0000101,nm0000601"
tt1291150,nm0509448,"nm0032227,nm0625858,nm2489193,nm0481990,nm0247653"
tt1291584,nm0640334,"nm0640334,nm3294574,nm0233561"
tt1298650,nm0551128,"nm0254645,nm0744429,nm0064181,nm0938684,nm0694627"
tt1300854,nm0000948,"nm1510800,nm0000948,nm0498278,nm1411347,nm1293367,nm0456158,nm1979137,nm2137463"
tt1302006,nm0000217,"nm0001873,nm3153307"
tt1302011,nm0950775,"nm0008743,nm0074184,nm0717550,nm0903456"
tt1305806,nm0002728,"nm3160078,nm0002728"
tt1306980,nm1349522,nm1672425
tt1318514,nm1012501,"nm0415425,nm0798646,nm0099541"
tt1320253,nm0000230,"nm1709264,nm0000230"
tt1321870,nm0281508,"nm3263825,nm4624299"
tt1323594,"nm0719208,nm1853544","nm0666791,nm0202425,nm0655053"
tt13238346,nm10227660,nm10227660
tt1324999,nm0174374,"nm0742279,nm2769412"
tt1325004,nm1720541,"nm0742279,nm2769412"
tt1340138,nm0851930,"nm0436164,nm0527261,nm0000116,nm0005036"
tt1340800,nm0019247,"nm0494170,nm2091799,nm1661186"
tt1343092,nm0525303,"nm0525303,nm0668902,nm0280234"
tt1343727,nm0871428,"nm0905957,nm0264338,nm0307497"
tt1345836,nm0634240,"nm0634300,nm0634240,nm0275286,nm0004170"
tt1355644,nm0878763,nm3123612
tt1365519,nm1012385,"nm4039044,nm3322414,nm2489193,nm1897248,nm2824501"
tt1371111,"nm0878756,nm0905154,nm0905152","nm3290967,nm0905154,nm0878756,nm0905152,nm4339295"
tt1375666,nm0634240,nm0634240
tt1375670,nm0240797,"nm0001191,nm0937748"
tt1385826,nm1079776,"nm1079776,nm0001140"
tt1386588,nm0570912,"nm0570912,nm0376260"
tt1386697,nm0043742,"nm0043742,nm1694619"
tt1386703,nm0936482,"nm0934483,nm0093560,nm0795953,nm0639321,nm0693956,nm0325778"
tt1392170,nm0002657,"nm0002657,nm1056741,nm0712753"
tt1392190,nm0004306,"nm0004306,nm0565068,nm0490147"
tt1392214,nm0898288,nm3360706
tt1396484,nm0615592,"nm1286060,nm1560977,nm2477891,nm0000175"
tt1397280,nm0576298,"nm0000108,nm0436543"
tt1398426,nm0336620,"nm0767655,nm0921023,nm0075696,nm6707680"
tt1399103,nm0000881,nm0472567
tt1401152,nm1429471,"nm0124700,nm0180508,nm0885857"
tt1403865,"nm0001053,nm0001054","nm0001054,nm0001053,nm0692427"
tt1408101,nm0009190,"nm0649460,nm0476064,nm0511541,nm0734472"
tt1409024,nm0001756,"nm1000113,nm0192384"
tt1411238,nm0718645,"nm2057975,nm0759986"
tt1411697,nm0680846,"nm0563301,nm0035905,nm0680846,nm0524190,nm0601859"
tt1424381,nm0030735,"nm0514821,nm3360218,nm0859029,nm0859049"
tt1428538,nm2482088,"nm2482088,nm0342278,nm0342303"
tt1430132,nm0003506,"nm0093560,nm0291082"
tt1431045,nm1783265,"nm1014201,nm1116660"
tt1436562,nm0757858,"nm0757858,nm0427993,nm5333675,nm0722610,nm0827985,nm0893262,nm0363958"
tt1440129,nm0000916,"nm0388377,nm0388375"
tt1446714,nm0000631,"nm3123612,nm0511541,nm0639321,nm0795953"
tt1453405,nm0768959,"nm0768959,nm0314870,nm0047916"
tt1454029,nm0853238,"nm0853238,nm3543826"
tt1454468,nm0190859,"nm0190859,nm0190861"
tt1457767,nm1490123,"nm0370937,nm0370928"
tt1458175,nm0353673,"nm0353673,nm0146991,nm3280198"
tt1464335,nm0281508,"nm1988994,nm1436466,nm0391344,nm2616125,nm4731086"
tt1464540,nm0142286,"nm0332184,nm0587692,nm0637497,nm3787416,nm0294580"
tt1469304,nm1164861,"nm0075276,nm0777209,nm0093748,nm0771065,nm0740115,nm0502073,nm0304830,nm1226735,nm1226737"
tt1477834,nm1490123,"nm0424901,nm3263825,nm0424315,nm1490123,nm3542504,nm0918816"
tt1478338,nm0082450,"nm1325419,nm1754239"
tt1483013,nm2676052,"nm2244980,nm1578335,nm2676052"
tt1485796,nm1243905,"nm0081081,nm0174374"
tt1489889,nm1098493,"nm0054697,nm2811682,nm1098493"
tt1490017,"nm0520488,nm0588087","nm0520488,nm0588087,nm1087952,nm1156984,nm9204083,nm9204084,nm9204085"
tt1499658,nm1164861,"nm0002864,nm0197855,nm0326246"
tt1504320,nm0393799,nm0782436
tt15097216,nm4377096,"nm4377096,nm13222819"
tt1515091,nm0005363,"nm1802251,nm0612487,nm0236279"
tt1517268,nm1950086,"nm1950086,nm0000876"
tt1517451,nm0177896,"nm0744839,nm0177896,nm3391497,nm0366454,nm0242869,nm0225820,nm0682757,nm0920074,nm0308604"
tt15327088,nm6142895,"nm14127654,nm9650707,nm9924848,nm8833077,nm6142895,nm8918477"
tt1535108,nm0088955,nm0088955
tt1535109,nm0339030,"nm0712753,nm3697679,nm5643170"
tt15398776,nm0634240,"nm0634240,nm3284831,nm2452558"
tt1542344,nm0000965,"nm0000965,nm0064479,nm1737008"
tt15501640,nm2391751,"nm2572228,nm6748282,nm2391751"
tt1555149,nm0655683,"nm0655683,nm1284081,nm1130251"
tt1562872,nm0015295,"nm1027719,nm1030373,nm0015295,nm10360928"
tt1564367,nm0240797,"nm1615610,nm0000251,nm0224634,nm0123242,nm0054667,nm0344899"
tt1568346,nm0000399,"nm0001873,nm2297183"
tt1570728,"nm0275629,nm0720135",nm1557594
tt1587310,nm0834902,"nm0941314,nm0674518,nm0052520,nm0382548,nm0670328,nm0672093,nm0727370,nm0780799,nm0942723"
tt1588173,nm1349522,"nm3772853,nm1349522"
tt1591095,nm1490123,nm1191481
tt1596343,nm0510912,"nm0604555,nm0860155"
tt1596363,nm0570912,"nm1017488,nm0570912,nm1034122"
tt1598778,nm0001752,nm1994243
tt1599348,nm1174251,nm1638756
tt1601913,nm0138620,"nm0138620,nm2259451"
tt1605630,"nm1375358,nm1376383","nm1375358,nm1376383,nm0381221"
tt1605783,nm0000095,nm0000095
tt1606378,nm0601382,"nm0940790,nm0861636"
tt1606389,nm1302591,"nm0463359,nm0799050,nm0441300,nm1213974"
tt1620933,nm0223606,"nm1538581,nm0223606"
tt1623205,nm0000600,"nm0438449,nm1865755,nm0000875"
tt1630029,nm0000116,"nm0000116,nm0415425,nm0798646,nm0295264,nm0004307"
tt1631867,nm0510731,"nm0003160,nm0125336,nm3890871,nm3872326"
tt1632708,nm0323239,"nm2226647,nm2226970,nm0323239,nm0679037"
tt1636826,nm1294036,"nm0236966,nm0045209"
tt1637688,nm0629272,nm0629272
tt1637725,nm0532235,"nm0532235,nm1273148,nm1273397"
tt1638355,nm0005363,"nm0005363,nm0927880,nm0458566,nm0933276,nm0738222"
tt1639426,nm0003939,"nm0003939,nm0440604,nm3060590,nm4392112"
tt1645170,nm0153078,"nm0056187,nm0073688,nm0541635,nm0769840"
tt1646971,nm0213450,"nm0213450,nm2441763"
tt1649418,"nm0751577,nm0751648","nm0751648,nm1321655,nm1321656,nm3892675"
tt1649419,nm1291105,"nm1037221,nm5377442"
tt1650062,nm0009190,nm0009190
tt1650554,nm0905592,"nm0905592,nm2092839,nm1348210"
tt1655442,nm0371890,nm0371890
tt1659337,nm0154716,nm0154716
tt1663202,nm0327944,"nm1872664,nm0327944,nm3488559"
tt1663662,nm0868219,"nm2012438,nm0868219"
tt1667889,"nm0553942,nm0862211","nm0073850,nm0297229,nm1000858"
tt1670345,nm0504642,"nm0004412,nm0945026,nm3242689"
tt1673434,nm0174374,"nm2769412,nm0742279"
tt1675434,"nm0619923,nm0865918","nm0619923,nm0865918,nm4778840"
tt1677720,nm0000229,"nm0672015,nm2094392"
tt1690953,"nm1853544,nm0719208","nm0666791,nm0202425"
tt1700841,"nm0970447,nm0862911","nm3773434,nm3782043,nm0736622,nm1698571,nm1706767"
tt1706593,nm2503633,"nm0484840,nm2503633"
tt1706620,nm0094435,"nm2441468,nm0499429,nm2440893,nm0094435,nm1031176"
tt1707386,nm0393799,"nm0629933,nm0098842,nm0774744,nm0471014,nm0401076"
tt1723121,nm1098493,"nm1462097,nm0264520,nm1890845,nm1898234"
tt1723811,nm2588606,"nm2588606,nm0604448"
tt1727824,nm0001741,"nm0565026,nm0604948"
tt1731141,nm0004303,"nm0004303,nm0136298"
tt1735898,nm2782185,"nm2489193,nm0359387,nm0024925"
tt1745960,nm2676052,"nm0143596,nm0258390,nm0185976,nm1098479,nm0472567,nm2545235,nm0003160"
tt1748122,nm0027572,"nm0027572,nm0178910"
tt1764651,nm0922346,"nm0921013,nm0000230,nm0442190,nm0013234,nm1709264"
tt1772341,nm0601781,"nm0601781,nm1601882,nm0714114,nm1601644"
tt1790809,"nm1461392,nm1650283","nm0622288,nm0744429,nm0254645,nm0064181,nm0938684"
tt1790864,nm1226871,"nm3834300,nm2233127,nm2385905,nm4212895"
tt1790885,nm0000941,nm1676793
tt1798684,nm0298807,nm1176676
tt1798709,nm0005069,nm0005069
tt1800241,nm0751102,"nm2545235,nm0751102"
tt1815862,nm0796117,"nm1729428,nm0796117,nm0000226"
tt1817273,nm0161834,"nm0161834,nm1397579,nm2942187"
tt1821480,nm1223910,"nm1223910,nm4298729,nm1330994,nm1937760,nm1399188,nm4449370"
tt1823672,nm0088955,"nm0088955,nm2833612"
tt1825683,nm3363032,"nm3363032,nm1963288,nm0498278,nm0456158"
tt1832382,nm1410815,nm1410815
tt1840309,nm1139726,"nm2489193,nm0961827,nm4316121"
tt1843866,"nm0751577,nm0751648","nm1321655,nm1321656,nm0800209,nm0456158,nm1591737,nm3090268,nm6624843"
tt1853728,nm0000233,nm0000233
tt1855199,nm0043742,nm0043742
tt1856101,nm0898288,"nm0266684,nm0338169,nm0001140"
tt1865505,nm1119079,"nm3822528,nm1119079"
tt1872181,nm1989536,"nm0476064,nm0649460,nm0684374,nm0888743,nm0498278,nm0228492"
tt1872194,nm0229694,"nm1010405,nm4057793,nm0229694"
tt1877830,nm0716257,"nm0716257,nm0185976,nm0004170,nm0277730"
tt1877832,nm0001741,"nm1334526,nm0963359,nm0891216,nm0456158,nm0498278"
tt1895587,nm0565336,"nm1802857,nm0565336"
tt1899353,nm2153088,nm2153088
tt1905041,nm0510912,"nm0604555,nm0860155"
tt1907668,nm0000709,nm0309691
tt1922777,nm0220600,"nm0220600,nm1803036"
tt1931533,nm1732981,nm1732981
tt1950186,nm0003506,"nm0125336,nm3890871,nm0445669"
tt1951261,nm0680846,"nm0680846,nm0563301,nm0524190,nm0601859"
tt1951264,nm1349376,"nm0064479,nm1578335,nm1056741"
tt1951265,nm1349376,"nm0185976,nm0834960,nm1056741"
tt1951266,nm1349376,"nm0185976,nm0834960,nm1056741"
tt1954470,nm0440604,"nm4556524,nm0440604,nm4556473,nm5113220"
tt1959490,nm0004716,"nm0004716,nm0359504"
tt1959563,nm0400850,nm4468296
tt1972591,nm0005363,"nm1703612,nm0005363,nm0927880,nm0229694"
tt1979320,nm0000165,nm0604948
tt1979376,nm2155757,"nm0005124,nm0004056,nm2155757,nm1445746,nm0429069,nm0566489,nm0405271,nm5403126"
tt1980209,nm0000881,"nm1321655,nm1321656,nm2431017"
tt1981115,nm0851930,"nm1236653,nm1321655,nm1321656,nm0668309,nm0734441,nm0498278,nm1293367,nm0456158,nm1277476"
tt1981677,nm0601337,"nm0134224,nm3015467"
tt2004420,nm0831557,"nm1157527,nm1895993"
tt2005151,nm0680846,"nm0157787,nm0680846,nm1429512,nm0493225"
tt2015381,nm0348181,"nm0348181,nm2270979,nm3966115,nm5037683,nm2757098,nm0317493,nm4160687,nm1921680,nm3053444,nm0314153,nm0562554"
tt2024469,nm1429471,"nm1622147,nm1496753,nm0257513"
tt2024544,nm2588606,"nm0725983,nm1185849"
tt2082197,nm1397301,"nm1397301,nm6215655,nm1821635"
tt2084970,nm0878763,"nm2441699,nm0388132"
tt20850406,nm2380725,"nm2380725,nm13046762,nm13929618,nm12962022,nm4157919,nm5716822,nm8048359"
tt2094766,nm0997291,"nm2078681,nm0177836,nm0171651,nm1172727,nm1817726,nm2493380"
tt2096673,"nm0230032,nm0215455","nm0230032,nm0215455,nm0498834,nm2155757,nm1578335,nm2919995,nm0352778,nm0688132"
tt2103281,nm0716257,"nm0093560,nm0415425,nm0798646,nm0099541"
tt2106476,nm0899121,"nm0899121,nm2105585"
tt2109248,nm0000881,nm0472567
tt2119532,nm0000154,"nm0770938,nm0460795"
tt2126355,nm0679031,"nm0193681,nm1061002,nm0664920"
tt2140203,nm0396074,"nm0396074,nm0645766"
tt2140479,nm0640334,nm4057793
tt2179136,nm0000142,"nm0355699,nm4881574,nm6984200,nm7198520"
tt2184339,nm0218621,nm0218621
tt2194499,nm0193485,nm0193485
tt2209764,nm0002892,nm1438698
tt2229499,nm0330687,nm0330687
tt2234155,nm0506613,"nm0000681,nm2972864"
tt2245084,"nm2320658,nm0930261","nm1471001,nm0047916,nm0314870,nm2185413,nm2400268,nm0745691"
tt2250912,nm1218281,"nm0326246,nm0197855,nm1218281,nm1755986,nm0571344,nm1273099,nm0498278,nm0228492,nm0800209,nm0456158"
tt2267998,nm0000399,nm5058839
tt2277860,"nm0533691,nm0004056","nm0004056,nm0835194"
tt2278388,nm0027572,"nm0959003,nm0027572,nm2450453"
tt2283362,nm0440458,"nm0571344,nm1273099,nm0003298,nm0684374,nm0885575,nm0852430,nm0378144,nm0833164"
tt2283748,nm1084488,"nm12109380,nm5030702,nm2276202,nm12109381,nm1084488"
tt2293640,"nm0049633,nm1853544",nm0528244
tt2294449,"nm0588087,nm0520488","nm0045209,nm3349927,nm0745247,nm1706767,nm0367895,nm0004798"
tt2294629,"nm0118333,nm1601644","nm1601644,nm0026153,nm0118333,nm2280850"
tt2302755,nm0298807,"nm4950667,nm4951717"
tt2310332,nm0001392,"nm0909638,nm0101991,nm0001392,nm0868219,nm0866058"
tt2316204,nm0000631,"nm0639321,nm0795953,nm1438698,nm0338169,nm0517589,nm0363837"
tt2316411,nm0898288,"nm0764832,nm1942197"
tt2321549,nm0448768,nm0448768
tt2322441,nm0853374,"nm0545150,nm1093317"
tt2334873,nm0000095,nm0000095
tt2334879,nm0000386,nm0888743
tt2338151,nm0386246,"nm0386246,nm0430785"
tt2345759,nm0476064,"nm0462895,nm0003160,nm0476378,nm3123612,nm0476064,nm0525886"
tt2356180,nm1018493,nm1149334
tt2361509,nm0583600,nm0583600
tt2377938,nm3109770,nm3109770
tt2379713,nm0005222,"nm0517589,nm0701031,nm0905498,nm0125336,nm0001220"
tt2380307,"nm2937122,nm0881279","nm0881279,nm0441735,nm0017690,nm2937122"
tt2381249,nm0003160,"nm0312367,nm0003160,nm1510800"
tt2381941,"nm0275629,nm0720135","nm0275629,nm0720135"
tt2382320,nm1560977,"nm0701031,nm0905498,nm1560977,nm3564817"
tt2395427,nm0923736,"nm0923736,nm0498278,nm0456158,nm0800209,nm4160687"
tt2397535,"nm1294961,nm1294962","nm1294961,nm1294962,nm0374423"
tt2404435,nm0298807,"nm0000041,nm0368074,nm0644823,nm4446305,nm0921013"
tt2406566,nm0500610,"nm0426500,nm2985952,nm8697009"
tt2446042,nm0576298,"nm0000108,nm0436543"
tt2463208,nm0506613,"nm2267086,nm2385905,nm0280814,nm0505662"
tt2488496,nm0009190,"nm0001410,nm0009190,nm1578335,nm0000184"
tt2527336,nm0426059,"nm0426059,nm0000184"
tt2527338,nm0009190,"nm0006516,nm0009190,nm2081046,nm1119880,nm0000184"
tt2543164,nm0898288,"nm2104063,nm5384213"
tt2543472,nm0154716,"nm0154716,nm0175726,nm2113666,nm5383459"
tt2562232,nm0327944,"nm0327944,nm1481172,nm5409486,nm3174584,nm0142577"
tt2576852,nm0847223,"nm0847223,nm4940865"
tt2582782,nm0533284,nm0792263
tt2582802,nm3227090,nm3227090
tt2582846,nm1837748,"nm2354099,nm2352210,nm1981261"
tt2584384,nm0169806,"nm9862836,nm0169806"
tt2631186,nm1442514,"nm2353436,nm1442514,nm7448575,nm4488268,nm4157919,nm4191232"
tt2637276,nm0532235,"nm0532235,nm1273148,nm1273397"
tt2660888,nm0510912,"nm0670408,nm1136647,nm0734472,nm0649460,nm4259881,nm4260438"
tt2674426,nm4824763,nm4424713
tt2704998,"nm0197855,nm0326246",nm0991423
tt2709768,nm0719208,"nm0666791,nm0202425,nm0528244"
tt2713180,nm0043742,nm0043742
tt2719848,nm0466349,"nm0629933,nm0064479"
tt2737304,nm0081540,"nm2104063,nm4789922"
tt2758880,nm0149196,"nm0946324,nm0149196,nm0155009"
tt2771200,nm0174374,"nm0154716,nm0818746,nm0941314,nm0207305,nm3343855"
tt2788710,"nm0736622,nm1698571","nm1003839,nm0736622,nm1698571"
tt2798920,nm0307497,"nm0307497,nm4554159"
tt2802144,nm0891216,"nm0963359,nm0891216,nm2092839,nm1733301"
tt2820852,nm1490123,"nm0604555,nm0860155"
tt2872718,nm0319659,nm0319659
tt2872732,nm0000108,nm0000108
tt2883512,nm0269463,nm0269463
tt2908446,nm0777881,"nm3929259,nm0326040,nm0093560,nm4316121"
tt2911666,"nm0821432,nm0500610",nm4401003
tt2935510,nm0336695,"nm0336695,nm1342473"
tt2948356,"nm0397174,nm0601781,nm1158544","nm0397174,nm0601781,nm1158544,nm0714114,nm2888684,nm1601882,nm1601644,nm1074879"
tt2948372,"nm5358492,nm0230032","nm0230032,nm0428873,nm5358492"
tt2953050,"nm1158544,nm0397174,nm4146781","nm4146781,nm1158544,nm0397174,nm2911364,nm0472866,nm0592135"
tt2975590,nm0811583,"nm0004170,nm0277730,nm0796950,nm0795975,nm0551376,nm0006516,nm0275286"
tt2980516,nm1016428,"nm0565026,nm6186324"
tt2991224,nm0882203,"nm6313374,nm0882203,nm6313373"
tt3011894,nm1167933,"nm2265326,nm1167933,nm1238855"
tt3040964,nm0269463,"nm1098479,nm0456017"
tt3065204,nm1490123,"nm0370937,nm0370928,nm1490123,nm0424901"
tt3076658,nm3363032,"nm0000230,nm3363032,nm2128400"
tt3079380,nm0082450,nm0082450
tt3110958,nm0160840,"nm0004412,nm1095804,nm0945026,nm3242689"
tt3170832,nm1049433,nm1480980
tt3183660,nm0946734,nm0746830
tt3228774,nm0318916,"nm1401416,nm1110111,nm0112459,nm0545150,nm1587813,nm0807977"
tt3235888,nm1379002,nm1379002
tt3263904,nm0000142,"nm0464548,nm3314810,nm5293055"
tt3281548,nm1950086,"nm1950086,nm0017301"
tt3315342,nm0003506,"nm0003506,nm0291082,nm0338169,nm0739661,nm0859471,nm0918083,nm1079460,nm2092839,nm4022192"
tt3322420,nm2134474,"nm2134474,nm3212517,nm5151578,nm2101751,nm2144007"
tt3385516,nm0001741,"nm1334526,nm0001741,nm1002424,nm0003529,nm0456158,nm0498278"
tt3390572,nm0080235,"nm0000636,nm5470025,nm0080235"
tt3397884,nm0898288,nm0792263
tt3402236,nm0000110,"nm0338169,nm0002005"
tt3417422,nm2572228,nm2572228
tt3450958,nm0716257,"nm0093560,nm0716257,nm0415425,nm0798646,nm0099541"
tt3460252,nm0000233,nm0000233
tt3464902,nm0487166,"nm0487166,nm3328207"
tt3480822,nm0795153,"nm3069408,nm2356614,nm0072600"
tt3498820,"nm0751577,nm0751648","nm1321655,nm1321656,nm0800209,nm0456158,nm2092839,nm4022192"
tt3501632,nm0169806,"nm3069408,nm1219736,nm1236653,nm0498278,nm1293367,nm0456158,nm0657062,nm1277476,nm4160541"
tt3521164,"nm0166256,nm0615780,nm2320658,nm0930261","nm1158544,nm0166256,nm0615780,nm0930261,nm2320658,nm0962596,nm3764118,nm3764493"
tt3532216,nm0510731,nm0818889
tt3553976,nm0743671,nm0743671
tt3606756,nm0083348,nm0083348
tt3612616,nm0230859,nm0230859
tt3659388,nm0000631,"nm1206844,nm1083982"
tt3682448,nm0000229,"nm4131020,nm0001053,nm0001054"
tt3704428,nm0525303,"nm0525303,nm5150018,nm0668902,nm0232442"
tt3731562,nm3611349,"nm0319659,nm1440919,nm2081046,nm0309691,nm0178260,nm0908624"
tt3741834,nm0204628,"nm6506884,nm1729294"
tt3748528,nm2284484,"nm0919363,nm0006904,nm0461306,nm1729428,nm0000184"
tt3778644,nm0000165,"nm0440459,nm0001410,nm0000184"
tt3783958,nm3227090,nm3227090
tt3799694,nm0000948,"nm0000948,nm0046524"
tt3863552,"nm1203138,nm14533834","nm2353436,nm1203138,nm5151578,nm14533834,nm4478309"
tt3890160,nm0942367,nm0942367
tt3896198,nm0348181,"nm0348181,nm3966115,nm5037683,nm1921680,nm3053444,nm4160687,nm0498278,nm1293367,nm0456158,nm2757098,nm0317493,nm0314153,nm0562554"
tt4016934,nm0661791,"nm1258797,nm1941029,nm0661791"
tt4034228,nm0518836,nm0518836
tt4046784,nm1226871,"nm2385905,nm4212895"
tt4123430,nm0946734,nm0746830
tt4154664,"nm1349818,nm0281396","nm1349818,nm0281396,nm4039044,nm2270979,nm0498834"
tt4154756,"nm0751577,nm0751648","nm1321655,nm1321656,nm0498278,nm0456158,nm0800209,nm1921680,nm3053444,nm2757098,nm0317493,nm4160687,nm1293367,nm1411347"
tt4154796,"nm0751577,nm0751648","nm1321655,nm1321656,nm0498278,nm0456158,nm0800209,nm1921680,nm3053444,nm2757098,nm0317493,nm4160687,nm1293367,nm1411347"
tt4160708,nm1793079,"nm1793079,nm2140186"
tt4169250,"nm3109770,nm14112827","nm3109770,nm4614038,nm2590575,nm3118214,nm4274191"
tt4196776,nm0339030,"nm0339030,nm0002582,nm0524924"
tt4263482,nm3211470,nm3211470
tt4425200,nm0821432,nm4401003
tt4430212,nm1723225,"nm2572228,nm3179723"
tt4513678,nm0718646,"nm1481493,nm0718646,nm0000101,nm0718645,nm0000601"
tt4550098,nm1053530,"nm1053530,nm7216022"
tt4555426,nm0942504,nm0565026
tt4630562,nm0336620,"nm0860155,nm0604555"
tt4633694,"nm2130108,nm0709056,nm0745247","nm0520488,nm0745247"
tt4635372,nm4784536,"nm10931380,nm10931379,nm10931381,nm1479356,nm3542598,nm3620830"
tt4649466,nm0891216,"nm0963359,nm0891216,nm2092839,nm1733301"
tt4729430,"nm0655053,nm3582089","nm0655053,nm2700235,nm2082813"
tt4779682,nm0005509,"nm1212988,nm0388377,nm0388375,nm0022709"
tt4846340,nm0577647,"nm2284377,nm0577647,nm7446421"
tt4849438,nm1442514,"nm2353436,nm1442514,nm7448575,nm4488268,nm4157919,nm4191232,nm1523325"
tt4857264,nm1079062,"nm1079062,nm1516346"
tt4881806,nm1291105,"nm2081046,nm1119880,nm0000341"
tt4912910,nm0003160,"nm0312367,nm0003160"
tt4925292,nm1950086,nm1950086
tt4934950,nm1126068,"nm0080235,nm2870301"
tt4972582,nm0796117,nm0796117
tt4975722,nm1503575,"nm1503575,nm4144120"
tt5013056,nm0634240,nm0634240
tt5027774,nm1732981,nm1732981
tt5034838,nm1417392,"nm0744429,nm1002424,nm1296461,nm3069408,nm1440919"
tt5052448,nm1443502,nm1443502
tt5074352,nm4318159,"nm6328029,nm6328031,nm6328030,nm8661566,nm4318159"
tt5083738,nm0487166,"nm7629302,nm1110111"
tt5095030,nm0715636,"nm0571344,nm1273099,nm0748620,nm3029372,nm2592245,nm0498278,nm1293367,nm0456158"
tt5109784,nm0004716,nm0004716
tt5164214,nm0002657,"nm0002657,nm6035700,nm0425138,nm0751207"
tt5198068,"nm1119079,nm2075487","nm3822528,nm1119079,nm2075487,nm0165995"
tt5311514,nm1396121,"nm1396121,nm1038805"
tt5323662,nm2210720,"nm7835741,nm1027089,nm2116827"
tt5362988,nm0792263,nm0792263
tt5442430,nm1174251,"nm1014201,nm1116660"
tt5463162,nm0500610,"nm1014201,nm1116660,nm0005351,nm0509580,nm1436760"
tt5519340,nm0043742,nm0484840
tt5537002,nm0000217,"nm0744839,nm0000217,nm2970418"
tt5571734,nm2287772,"nm1999473,nm2287772,nm1937760"
tt5580036,nm0318916,nm0737216
tt5580390,nm0868219,"nm0868219,nm0961827"
tt5606664,nm1093039,"nm1093039,nm0000175"
tt5700672,nm3613566,"nm6711056,nm3613566"
tt5726616,nm0345174,"nm0412465,nm6056595"
tt5727208,"nm1509478,nm1343394","nm2563482,nm1343394,nm1509478"
tt6105098,nm0269463,"nm0622288,nm0575293,nm0731271,nm0941314"
tt6139732,nm0005363,"nm0041864,nm0005363"
tt6146586,nm0821432,"nm4401003,nm8748334,nm2384772,nm0009207"
tt6148156,"nm2566836,nm2575525,nm13732463","nm8904193,nm13659743,nm2566836,nm2575525"
tt6264654,nm0506613,"nm1073238,nm0672015"
tt6316138,nm8631915,nm2320774
tt6320628,nm1218281,"nm0571344,nm1273099,nm0498278,nm0228492"
tt6334354,nm0348181,nm0348181
tt6443346,nm1429471,"nm1186373,nm3239033,nm2126954,nm1791910,nm1304148,nm0456158,nm0796950,nm0795975"
tt6499752,nm1191481,nm1191481
tt6565702,nm1334526,nm1334526
tt6628102,nm0149196,"nm0946324,nm0149196,nm9831079"
tt6644200,nm1024677,"nm1456816,nm1399714,nm1024677"
tt6710474,"nm3453283,nm3215397","nm3453283,nm3215397"
tt6718170,"nm1739338,nm2398585,nm2966857,nm6042133",nm3821363
tt6723592,nm0634240,nm0634240
tt6751668,nm0094435,"nm0094435,nm8243301"
tt6791350,nm0348181,"nm0348181,nm4160687,nm0498278,nm1293367,nm0456158,nm1921680,nm1411347,nm0827836,nm1815387,nm1598145,nm2757098,nm0317493,nm3053444"
tt6806448,nm0500610,"nm0604555,nm1510800,nm0860155"
tt6823368,nm0796117,nm0796117
tt6857112,nm1443502,nm1443502
tt6966692,nm0268380,"nm0885014,nm0192942,nm0268380"
tt7019842,nm4242320,"nm10848240,nm4242320"
tt7060344,nm6442107,"nm6442107,nm14690666"
tt7097896,nm0785227,"nm0545150,nm0362766"
tt7126948,nm0420941,"nm0420941,nm0424315,nm1709264,nm0551376"
tt7131622,nm0000233,nm0000233
tt7286456,nm0680846,"nm0680846,nm0798788,nm0004170,nm0277730,nm1047603"
tt7349662,nm0000490,"nm4478735,nm5161275,nm0932551,nm0000490,nm9259302"
tt7349950,nm0615592,"nm0000175,nm2477891"
tt7392212,nm1335875,"nm1335875,nm7290481,nm4943022,nm4599921,nm4603688,nm7709337"
tt7466810,nm7882203,"nm7882203,nm13043081,nm4343656,nm8048359"
tt7653254,nm0000876,nm0000876
tt7713068,nm4014166,"nm5429637,nm0227704,nm0863622"
tt7784604,nm4170048,nm4170048
tt7838252,nm6073824,"nm13762864,nm13064350,nm6073824,nm4547509,nm8048359"
tt7846844,nm0102873,"nm2113666,nm9540892,nm0236279"
tt7888964,nm5820154,nm4401003
tt7975244,nm0440458,"nm0440458,nm0684374,nm0003298,nm0885575"
tt7984734,nm3211470,"nm3211470,nm3220455"
tt7991608,nm1098493,nm1098493
tt8108198,nm1437189,"nm4914249,nm10091335,nm1437189,nm9634132,nm1381758,nm1930518"
tt8228288,nm2008067,"nm1457642,nm1038878"
tt8239946,"nm9751348,nm1628153,nm4205110","nm3784276,nm4205110,nm9751348,nm1628153,nm10304029"
tt8267604,nm1701024,"nm1701024,nm2764802,nm9878616,nm2759610,nm1848588"
tt8291224,nm2336554,nm2336554
tt8332922,nm1024677,"nm1024677,nm1456816,nm1399714"
tt8367814,nm0005363,"nm0005363,nm6842463,nm3044095,nm2580983"
tt8503618,nm2371802,"nm0592135,nm2375857"
tt8579674,nm0005222,"nm0005222,nm4880670"
tt8613070,nm1780037,nm1780037
tt8633462,nm1120092,"nm1120092,nm2395951"
tt8772262,nm4170048,nm4170048
tt8936646,nm1092087,"nm0751648,nm3133666,nm0751577,nm11461720"
tt8946378,nm0426059,nm0426059
tt9032400,nm2125482,"nm2125482,nm1522597,nm2535716,nm3303922,nm0456158"
tt9052870,nm4318159,"nm6328029,nm6328030,nm4318159"
tt9114286,nm3363032,"nm3363032,nm1963288,nm0498278,nm0456158"
tt9179430,nm7992231,"nm7992231,nm7188712"
tt9243946,nm0319213,nm0319213
tt9263550,nm0534856,"nm0534856,nm0536705,nm10411843,nm3331246,nm4375423,nm5733505"
tt9362722,"nm1690966,nm1042511,nm5358492","nm0520488,nm0588087,nm1709264,nm0498278"
tt9376612,nm2308774,"nm1709264,nm2308774,nm6150131,nm1921680,nm4160687"
tt9419884,nm0000600,"nm5642271,nm0498278,nm0228492"
tt9477520,nm4274575,"nm5646046,nm4274575,nm9731661,nm11184553,nm13659743"
tt9620292,nm2193504,nm2193504
tt9764362,nm0617042,"nm2219721,nm4301557"
tt9777666,nm0003021,nm3916149
tt9900782,nm7992231,"nm7992231,nm7807469,nm8325456"
